N, simple, pointers, linked list
1000, 0.76, 0.76, 3.041
2000, 0.38, 0.3805, 2.0905
4000, 0.66525, 0.76025, 2.0905
8000, 0.427625, 0.617625, 4.70375
16000, 0.570125, 1.069, 6.48531
32000, 0.570125, 0.867094, 10.0843
64000, 0.587969, 1.78763, 13.3745
128000, 0.602805, 2.1024, 17.4635
256000, 0.439484, 1.68815, 17.7352
512000, 0.521887, 3.58936, 32.6628
1024000, 0.579792, 10.2269, 74.1561
2048000, 0.639181, 15.2082, 84.6611
4096000, 0.655699, 18.2579, 89.6222
8192000, 0.668737, 21.606, 94.0833