k, Pre-Sorter, Partial Sorter, Simple Quick Sorter, Skewed Quick Sorter, Heap Sorter
8, 0.061575, 0.034969, 0.021666, 0.026226, 0.015203
16, 0.061575, 0.035349, 0.022046, 0.026226, 0.016344
32, 0.061955, 0.035349, 0.022046, 0.026606, 0.017864
64, 0.061955, 0.035349, 0.022426, 0.026986, 0.020905
128, 0.061955, 0.070698, 0.043711, 0.030407, 0.026986
256, 0.062335, 0.071078, 0.046752, 0.04371, 0.038389
512, 0.062335, 0.113648, 0.060815, 0.061195, 0.058914
1000, 0.062335, 0.131893, 0.082861, 0.08362, 0.090462
