k, Pre-Sorter, Partial Sorter, Simple Quick Sorter, Skewed Quick Sorter, Heap Sorter
8, 0.005701, 0.020525, 0.012543, 0.014064, 0.00266
16, 0.006081, 0.020905, 0.012923, 0.014064, 0.003421
32, 0.006081, 0.020905, 0.012923, 0.014444, 0.004561
64, 0.006081, 0.021285, 0.013303, 0.014824, 0.006461
100, 0.006461, 0.021285, 0.013683, 0.015204, 0.007602
